,customer,transaction,item
0,,1,42
1,,1,553
2,,1,644
3,,1,790
4,,1,838
5,,2,325
6,,2,397
7,,2,510
8,,2,629
9,,2,656
10,,2,716
11,,2,772
12,,3,56
13,,3,521
14,,4,321
15,,4,350
16,,4,459
17,,4,524
18,,4,543
19,,4,578
20,,4,592
21,,4,599
22,,4,622
23,,5,7
24,,5,46
25,,5,432
26,,5,543
27,,5,819
28,,5,981
29,,6,29
30,,6,38
31,,6,39
32,,6,152
33,,6,336
34,,6,412
35,,6,429
36,,6,547
37,,6,553
38,,6,766
39,,6,794
40,,7,306
41,,7,388
42,,7,870
43,,7,894
44,,7,902
45,,7,962
46,,8,108
47,,8,964
48,,8,994
49,,9,80
50,,9,107
51,,9,163
52,,9,304
53,,9,629
54,,10,62
55,,10,129
56,,10,437
57,,10,705
58,,10,904
59,,11,405
60,,11,420
61,,11,443
62,,11,561
63,,11,566
64,,11,813
65,,12,137
66,,12,188
67,,12,214
68,,12,418
69,,12,447
70,,12,837
71,,12,858
72,,13,51
73,,13,63
74,,13,86
75,,13,146
76,,13,325
77,,13,374
78,,13,395
79,,13,444
80,,13,571
81,,13,628
82,,13,684
83,,13,970
84,,14,840
85,,15,60
86,,15,371
87,,15,387
88,,15,456
89,,16,60
90,,16,360
91,,16,557
92,,16,592
93,,16,764
94,,16,868
95,,17,8
96,,17,50
97,,17,117
98,,17,753
99,,17,877
100,,17,954
101,,18,221
102,,18,624
103,,18,723
104,,18,870
105,,18,959
106,,19,99
107,,19,102
108,,19,139
109,,19,194
110,,19,266
111,,19,462
112,,20,7
113,,20,35
114,,20,127
115,,20,172
116,,20,221
117,,20,607
118,,21,106
119,,21,351
120,,22,124
121,,22,155
122,,22,374
123,,22,740
124,,22,806
125,,22,848
126,,22,850
127,,22,988
128,,22,989
129,,22,990
130,,23,167
131,,23,497
132,,23,733
133,,24,39
134,,24,169
135,,24,214
136,,24,287
137,,24,593
138,,24,778
139,,25,106
140,,25,123
141,,25,182
142,,25,601
143,,25,729
144,,25,847
145,,25,911
146,,26,107
147,,26,135
148,,26,167
149,,26,589
150,,26,673
151,,26,820
152,,27,25
153,,27,123
154,,27,179
155,,27,374
156,,27,414
157,,27,571
158,,27,612
159,,27,773
160,,27,934
161,,28,3
162,,28,105
163,,28,201
164,,28,682
165,,28,803
166,,28,806
167,,28,916
168,,29,36
169,,29,404
170,,29,416
171,,29,559
172,,29,668
173,,29,719
174,,30,47
175,,30,148
176,,30,238
177,,30,278
178,,30,368
179,,30,446
180,,30,544
181,,30,584
182,,31,12
183,,31,47
184,,31,471
185,,31,855
186,,32,737
187,,33,447
188,,33,456
189,,33,692
190,,33,934
191,,33,994
192,,34,21
193,,34,83
194,,34,255
195,,34,803
196,,34,981
197,,35,150
198,,35,371
199,,35,425
200,,35,966
201,,36,477
202,,36,773
203,,36,994
204,,37,7
205,,37,245
206,,37,644
207,,37,733
208,,37,946
209,,38,119
210,,38,412
211,,38,490
212,,38,571
213,,38,732
214,,38,744
215,,38,813
216,,38,874
217,,38,903
218,,38,909
219,,38,991
220,,39,11
221,,39,137
222,,39,418
223,,40,15
224,,40,274
225,,40,283
226,,40,472
227,,40,682
228,,40,776
229,,40,835
230,,40,884
231,,41,182
232,,41,281
233,,41,442
234,,41,473
235,,41,506
236,,41,682
237,,41,707
238,,41,820
239,,41,845
240,,42,441
241,,42,456
242,,42,487
243,,42,756
244,,42,801
245,,42,832
246,,43,144
247,,43,280
248,,43,582
249,,44,17
250,,44,335
251,,44,543
252,,44,625
253,,44,778
254,,44,834
255,,44,874
256,,44,923
257,,45,416
258,,45,575
259,,45,595
260,,46,38
261,,46,310
262,,46,348
263,,46,439
264,,46,583
265,,46,629
266,,46,789
267,,47,500
268,,47,613
269,,47,624
270,,47,859
271,,48,40
272,,48,42
273,,48,95
274,,48,240
275,,48,532
276,,48,561
277,,48,647
278,,48,648
279,,48,827
280,,49,127
281,,49,344
282,,49,537
283,,49,540
284,,50,38
285,,50,416
286,,50,559
287,,50,656
288,,50,858
289,,50,931
290,,51,52
291,,51,425
292,,52,173
293,,52,288
294,,52,620
295,,53,148
296,,53,615
297,,53,835
298,,53,950
299,,54,9
300,,54,69
301,,54,241
302,,54,300
303,,54,348
304,,54,874
305,,54,988
306,,55,36
307,,55,403
308,,55,438
309,,55,605
310,,56,185
311,,56,429
312,,56,601
313,,57,255
314,,57,721
315,,58,18
316,,58,501
317,,58,575
318,,58,709
319,,58,806
320,,59,9
321,,59,100
322,,59,103
323,,59,242
324,,59,439
325,,59,829
326,,59,877
327,,60,38
328,,60,295
329,,61,50
330,,61,281
331,,61,319
332,,61,628
333,,61,876
334,,62,127
335,,62,241
336,,62,277
337,,62,456
338,,62,558
339,,62,786
340,,62,826
341,,62,952
342,,63,220
343,,63,575
344,,64,179
345,,64,444
346,,64,519
347,,64,607
348,,64,613
349,,64,830
350,,64,884
351,,64,925
352,,64,990
353,,65,274
354,,65,709
355,,65,807
356,,65,895
357,,66,61
358,,66,117
359,,66,173
360,,66,241
361,,66,259
362,,66,439
363,,66,520
364,,66,604
365,,66,662
366,,66,737
367,,67,378
368,,67,500
369,,67,592
370,,67,913
371,,67,991
372,,68,14
373,,68,194
374,,68,259
375,,68,414
376,,68,766
377,,69,93
378,,69,147
379,,69,155
380,,69,472
381,,69,647
382,,69,815
383,,69,835
384,,69,955
385,,70,146
386,,70,246
387,,70,306
388,,70,732
389,,71,188
390,,71,274
391,,71,353
392,,71,397
393,,72,205
394,,72,217
395,,72,284
396,,72,593
397,,72,826
398,,73,297
399,,73,344
400,,73,519
401,,73,988
402,,74,123
403,,74,646
404,,74,656
405,,74,868
406,,75,214
407,,75,300
408,,75,369
409,,75,722
410,,75,735
411,,75,776
412,,76,531
413,,76,561
414,,76,599
415,,76,994
416,,77,69
417,,77,188
418,,77,447
419,,77,692
420,,77,722
421,,77,893
422,,77,934
423,,77,994
424,,78,124
425,,78,255
426,,78,530
427,,78,558
428,,78,837
429,,78,855
430,,78,931
431,,78,981
432,,79,204
433,,79,432
434,,79,740
435,,80,209
436,,80,320
437,,80,321
438,,80,463
439,,80,711
440,,81,36
441,,81,325
442,,81,453
443,,81,523
444,,81,631
445,,81,676
446,,81,778
447,,81,790
448,,82,829
449,,82,832
450,,82,921
451,,83,14
452,,83,395
453,,83,666
454,,83,828
455,,83,867
456,,83,985
457,,84,348
458,,84,705
459,,84,724
460,,85,328
461,,85,517
462,,85,648
463,,85,920
464,,86,179
465,,86,246
466,,86,322
467,,86,339
468,,87,176
469,,87,179
470,,87,360
471,,87,399
472,,87,425
473,,87,559
474,,87,682
475,,87,777
476,,87,850
477,,88,238
478,,88,357
479,,88,358
480,,88,874
481,,88,896
482,,89,60
483,,89,85
484,,89,318
485,,89,325
486,,89,371
487,,89,387
488,,89,444
489,,89,456
490,,89,666
491,,89,904
492,,89,931
493,,89,952
494,,90,69
495,,90,154
496,,90,226
497,,90,416
498,,90,494
499,,90,772
500,,90,829
501,,90,884
502,,90,961
503,,91,306
504,,91,360
505,,91,545
506,,91,628
507,,91,653
508,,91,734
509,,91,938
510,,92,47
511,,92,476
512,,92,544
513,,92,673
514,,92,807
515,,93,118
516,,93,514
517,,93,527
518,,93,623
519,,93,643
520,,93,837
521,,93,859
522,,93,961
523,,94,213
524,,94,410
525,,94,738
526,,95,21
527,,95,62
528,,95,67
529,,95,87
530,,95,229
531,,95,371
532,,95,592
533,,95,767
534,,95,815
535,,95,827
536,,96,124
537,,96,221
538,,96,332
539,,96,484
540,,96,612
541,,96,707
542,,96,855
543,,97,17
544,,97,119
545,,97,208
546,,97,764
547,,97,782
548,,98,68
549,,98,151
550,,98,300
551,,98,337
552,,98,383
553,,98,429
554,,98,579
555,,98,624
556,,98,682
557,,98,993
558,,99,137
559,,99,307
560,,99,492
561,,99,559
562,,99,572
563,,99,707
564,,99,874
565,,99,924
566,,99,934
567,,99,949
568,,100,368
569,,100,416
570,,100,438
571,,100,682
572,,100,778
573,,101,8
574,,101,628
575,,101,798
576,,101,970
577,,102,235
578,,103,570
579,,103,710
580,,103,947
581,,104,146
582,,104,316
583,,104,486
584,,104,507
585,,105,28
586,,105,107
587,,105,209
588,,105,247
589,,105,578
590,,105,623
591,,105,744
592,,105,806
593,,105,959
594,,105,987
595,,106,20
596,,106,27
597,,106,78
598,,106,737
599,,106,813
600,,106,868
601,,106,912
602,,106,981
603,,107,56
604,,107,111
605,,107,481
606,,107,729
607,,107,778
608,,107,938
609,,108,18
610,,108,81
611,,108,118
612,,108,289
613,,108,357
614,,108,433
615,,108,482
616,,108,490
617,,108,553
618,,108,806
619,,109,491
620,,109,648
621,,109,799
622,,109,925
623,,110,36
624,,110,48
625,,110,94
626,,110,117
627,,110,423
628,,110,471
629,,110,670
630,,110,988
631,,111,119
632,,111,238
633,,111,282
634,,111,368
635,,111,673
636,,111,830
637,,112,369
638,,112,398
639,,112,707
640,,112,888
641,,112,932
642,,113,7
643,,113,51
644,,113,364
645,,113,486
646,,113,733
647,,113,745
648,,113,753
649,,113,782
650,,113,863
651,,114,124
652,,114,154
653,,114,415
654,,114,416
655,,114,690
656,,114,858
657,,115,33
658,,115,116
659,,115,238
660,,115,259
661,,115,339
662,,115,347
663,,115,796
664,,116,117
665,,116,132
666,,116,205
667,,116,490
668,,116,827
669,,116,868
670,,116,909
671,,116,970
672,,116,988
673,,117,214
674,,117,222
675,,117,350
676,,117,414
677,,117,766
678,,117,808
679,,117,827
680,,117,959
681,,117,992
682,,118,123
683,,118,281
684,,118,388
685,,118,459
686,,118,467
687,,118,553
688,,118,808
689,,118,811
690,,119,48
691,,119,62
692,,119,73
693,,119,154
694,,119,221
695,,119,778
696,,119,996
697,,120,125
698,,120,150
699,,120,791
700,,120,803
701,,121,87
702,,121,124
703,,121,293
704,,121,316
705,,121,392
706,,122,227
707,,122,569
708,,122,732
709,,122,883
710,,122,910
711,,123,132
712,,123,145
713,,123,336
714,,123,557
715,,123,673
716,,123,838
717,,123,959
718,,124,80
719,,124,112
720,,124,146
721,,124,258
722,,124,316
723,,124,432
724,,124,486
725,,125,110
726,,125,395
727,,125,782
728,,125,825
729,,126,443
730,,126,604
731,,127,6
732,,127,142
733,,127,147
734,,127,399
735,,127,410
736,,127,486
737,,127,579
738,,127,609
739,,127,709
740,,127,973
741,,128,43
742,,128,223
743,,129,73
744,,129,132
745,,129,191
746,,129,246
747,,129,339
748,,129,545
749,,130,136
750,,130,190
751,,130,228
752,,130,258
753,,130,364
754,,130,941
755,,131,217
756,,131,259
757,,131,316
758,,131,540
759,,131,806
760,,131,850
761,,131,871
762,,131,892
763,,131,992
764,,132,491
765,,132,925
766,,132,934
767,,132,964
768,,132,996
769,,133,277
770,,133,477
771,,133,547
772,,134,360
773,,134,524
774,,134,753
775,,134,952
776,,134,998
777,,135,412
778,,135,432
779,,135,820
780,,135,858
781,,135,925
782,,135,938
783,,136,558
784,,136,837
785,,136,962
786,,136,999
787,,137,111
788,,137,117
789,,137,199
790,,138,17
791,,138,328
792,,138,372
793,,138,430
794,,138,578
795,,138,953
796,,138,988
797,,139,203
798,,139,209
799,,139,444
800,,139,813
801,,139,909
802,,140,15
803,,140,38
804,,140,319
805,,140,676
806,,140,734
807,,140,981
808,,141,127
809,,141,214
810,,141,395
811,,141,404
812,,141,460
813,,141,733
814,,141,772
815,,141,784
816,,141,790
817,,141,912
818,,141,949
819,,142,163
820,,142,321
821,,142,676
822,,142,678
823,,142,740
824,,143,217
825,,143,222
826,,143,325
827,,143,704
828,,143,744
829,,143,825
830,,143,983
831,,144,43
832,,144,70
833,,144,173
834,,144,544
835,,144,946
836,,145,160
837,,145,281
838,,145,606
839,,145,790
840,,145,946
841,,145,959
842,,146,190
843,,146,387
844,,146,445
845,,146,494
846,,146,631
847,,146,909
848,,147,62
849,,147,443
850,,147,507
851,,147,673
852,,147,863
853,,148,387
854,,148,425
855,,148,976
856,,149,338
857,,149,607
858,,149,631
859,,149,703
860,,150,119
861,,150,132
862,,150,521
863,,150,647
864,,150,772
865,,151,662
866,,151,707
867,,152,409
868,,152,501
869,,152,815
870,,152,820
871,,153,300
872,,153,316
873,,153,837
874,,154,116
875,,154,170
876,,154,201
877,,154,326
878,,154,357
879,,154,368
880,,154,528
881,,154,538
882,,154,727
883,,154,954
884,,155,98
885,,155,217
886,,155,342
887,,155,373
888,,155,437
889,,155,521
890,,155,554
891,,155,707
892,,155,993
893,,156,124
894,,156,592
895,,156,601
896,,156,607
897,,156,614
898,,156,642
899,,157,26
900,,157,34
901,,157,87
902,,157,416
903,,157,547
904,,157,586
905,,157,599
906,,157,620
907,,158,29
908,,158,127
909,,158,219
910,,158,238
911,,158,322
912,,158,391
913,,158,442
914,,158,444
915,,158,527
916,,158,903
917,,158,915
918,,159,283
919,,159,707
920,,159,828
921,,159,966
922,,160,33
923,,160,221
924,,160,229
925,,160,248
926,,160,261
927,,160,289
928,,160,395
929,,160,398
930,,160,539
931,,160,714
932,,160,912
933,,161,63
934,,161,123
935,,161,197
936,,161,527
937,,161,592
938,,161,767
939,,161,770
940,,161,873
941,,161,963
942,,161,991
943,,162,80
944,,162,181
945,,162,201
946,,162,209
947,,162,330
948,,162,397
949,,162,946
950,,162,996
951,,163,147
952,,163,306
953,,163,439
954,,163,442
955,,164,21
956,,164,53
957,,164,63
958,,164,173
959,,164,338
960,,164,459
961,,164,501
962,,164,578
963,,165,60
964,,165,124
965,,165,240
966,,165,280
967,,165,410
968,,165,416
969,,165,910
970,,166,124
971,,166,904
972,,167,144
973,,167,293
974,,167,510
975,,167,860
976,,168,120
977,,168,353
978,,168,459
979,,168,611
980,,168,613
981,,168,764
982,,168,902
983,,169,39
984,,169,169
985,,169,214
986,,169,287
987,,169,778
988,,170,314
989,,170,589
990,,171,682
991,,171,709
992,,171,744
993,,171,858
994,,172,49
995,,172,649
996,,172,879
997,,172,890
998,,172,902
999,,172,915
1000,,172,988
1001,,173,119
1002,,173,830
1003,,174,33
1004,,174,372
1005,,174,559
1006,,174,585
1007,,174,790
1008,,174,813
1009,,174,992
1010,,175,5
1011,,175,36
1012,,175,94
1013,,175,253
1014,,175,306
1015,,175,480
1016,,175,500
1017,,176,461
1018,,176,881
1019,,176,950
1020,,177,693
1021,,177,737
1022,,177,807
1023,,178,38
1024,,178,132
1025,,178,258
1026,,178,375
1027,,178,806
1028,,179,322
1029,,179,472
1030,,179,542
1031,,179,800
1032,,179,907
1033,,180,112
1034,,180,440
1035,,180,540
1036,,180,668
1037,,180,863
1038,,181,36
1039,,181,214
1040,,181,524
1041,,181,644
1042,,181,686
1043,,181,740
1044,,182,38
1045,,182,61
1046,,182,150
1047,,182,220
1048,,182,221
1049,,182,222
1050,,182,289
1051,,182,377
1052,,182,565
1053,,182,673
1054,,182,687
1055,,182,747
1056,,182,828
1057,,182,886
1058,,183,321
1059,,183,360
1060,,183,821
1061,,183,835
1062,,183,868
1063,,183,999
1064,,184,14
1065,,184,233
1066,,184,302
1067,,184,377
1068,,184,399
1069,,184,444
1070,,184,634
1071,,184,757
1072,,184,924
1073,,185,127
1074,,185,238
1075,,185,402
1076,,185,405
1077,,185,832
1078,,185,988
1079,,186,198
1080,,187,43
1081,,187,291
1082,,187,319
1083,,187,416
1084,,187,500
1085,,187,699
1086,,187,710
1087,,187,911
1088,,187,939
1089,,187,973
1090,,188,48
1091,,188,213
1092,,188,246
1093,,189,60
1094,,189,124
1095,,189,209
1096,,189,240
1097,,189,416
1098,,189,441
1099,,189,709
1100,,189,799
1101,,189,973
1102,,190,209
1103,,190,297
1104,,190,420
1105,,190,687
1106,,190,743
1107,,190,876
1108,,190,929
1109,,191,372
1110,,191,456
1111,,191,487
1112,,191,652
1113,,191,955
1114,,192,66
1115,,192,123
1116,,192,300
1117,,192,753
1118,,192,767
1119,,192,808
1120,,193,100
1121,,193,170
1122,,193,178
1123,,193,247
1124,,193,527
1125,,193,589
1126,,193,649
1127,,193,946
1128,,194,73
1129,,194,109
1130,,194,112
1131,,194,118
1132,,194,381
1133,,194,586
1134,,194,707
1135,,194,709
1136,,194,710
1137,,194,901
1138,,195,51
1139,,195,144
1140,,195,318
1141,,195,619
1142,,195,643
1143,,195,662
1144,,195,835
1145,,195,859
1146,,195,941
1147,,196,8
1148,,196,11
1149,,196,250
1150,,196,291
1151,,196,373
1152,,196,599
1153,,196,747
1154,,196,764
1155,,196,821
1156,,196,901
1157,,196,960
1158,,197,38
1159,,197,589
1160,,197,610
1161,,197,674
1162,,197,850
1163,,197,994
1164,,198,132
1165,,198,216
1166,,198,379
1167,,198,518
1168,,198,540
1169,,198,554
1170,,199,132
1171,,199,442
1172,,199,612
1173,,199,614
1174,,199,829
1175,,199,988
1176,,200,361
1177,,200,437
1178,,200,480
1179,,200,527
1180,,200,757
1181,,200,889
1182,,200,903
1183,,201,63
1184,,201,829
1185,,202,119
1186,,202,354
1187,,202,428
1188,,202,480
1189,,202,764
1190,,202,782
1191,,203,154
1192,,203,247
1193,,203,306
1194,,203,326
1195,,203,827
1196,,204,360
1197,,204,404
1198,,204,990
1199,,205,274
1200,,205,378
1201,,205,511
1202,,205,561
1203,,205,861
1204,,205,962
1205,,206,153
1206,,206,168
1207,,206,300
1208,,206,592
1209,,206,898
1210,,207,132
1211,,207,243
1212,,207,416
1213,,207,446
1214,,207,501
1215,,207,620
1216,,207,874
1217,,208,673
1218,,208,813
1219,,208,877
1220,,208,996
1221,,209,3
1222,,209,39
1223,,209,86
1224,,209,117
1225,,209,124
1226,,209,552
1227,,209,806
1228,,210,23
1229,,210,155
1230,,210,299
1231,,210,371
1232,,210,480
1233,,210,806
1234,,211,235
1235,,212,60
1236,,212,148
1237,,212,405
1238,,212,621
1239,,212,738
1240,,212,770
1241,,212,780
1242,,212,959
1243,,212,988
1244,,212,993
1245,,213,221
1246,,213,242
1247,,213,412
1248,,213,497
1249,,213,502
1250,,213,578
1251,,213,627
1252,,213,709
1253,,213,721
1254,,213,764
1255,,214,11
1256,,214,52
1257,,214,197
1258,,214,924
1259,,215,17
1260,,215,193
1261,,215,399
1262,,215,616
1263,,216,148
1264,,216,446
1265,,216,485
1266,,216,545
1267,,216,589
1268,,216,595
1269,,216,723
1270,,216,964
1271,,217,487
1272,,217,733
1273,,217,786
1274,,217,993
1275,,218,217
1276,,218,300
1277,,218,917
1278,,219,70
1279,,219,142
1280,,219,221
1281,,219,387
1282,,219,388
1283,,219,412
1284,,219,598
1285,,219,803
1286,,219,946
1287,,220,89
1288,,220,124
1289,,220,131
1290,,220,231
1291,,220,405
1292,,220,425
1293,,220,676
1294,,220,690
1295,,220,992
1296,,221,117
1297,,221,340
1298,,221,471
1299,,221,545
1300,,221,684
1301,,222,14
1302,,222,51
1303,,222,209
1304,,222,222
1305,,222,838
1306,,222,868
1307,,223,7
1308,,223,168
1309,,223,231
1310,,223,284
1311,,223,553
1312,,223,737
1313,,223,756
1314,,223,983
1315,,224,67
1316,,224,69
1317,,224,140
1318,,225,33
1319,,225,59
1320,,225,68
1321,,225,73
1322,,225,157
1323,,225,182
1324,,225,619
1325,,225,656
1326,,225,697
1327,,226,238
1328,,226,403
1329,,226,607
1330,,226,638
1331,,227,45
1332,,227,423
1333,,227,463
1334,,227,666
1335,,227,868
1336,,227,914
1337,,228,84
1338,,228,274
1339,,228,331
1340,,228,486
1341,,228,833
1342,,229,325
1343,,229,865
1344,,230,33
1345,,230,570
1346,,230,658
1347,,230,852
1348,,231,43
1349,,231,63
1350,,231,83
1351,,231,176
1352,,231,634
1353,,231,646
1354,,231,669
1355,,231,707
1356,,231,820
1357,,231,863
1358,,232,51
1359,,232,412
1360,,232,446
1361,,232,490
1362,,232,670
1363,,232,902
1364,,233,155
1365,,233,238
1366,,233,282
1367,,233,501
1368,,233,541
1369,,234,201
1370,,234,222
1371,,234,293
1372,,235,18
1373,,235,688
1374,,235,867
1375,,235,907
1376,,236,222
1377,,236,437
1378,,236,442
1379,,236,761
1380,,236,815
1381,,236,874
1382,,236,981
1383,,237,119
1384,,237,167
1385,,237,246
1386,,237,335
1387,,237,477
1388,,237,495
1389,,237,545
1390,,237,733
1391,,237,902
1392,,237,926
1393,,238,259
1394,,238,372
1395,,238,595
1396,,238,643
1397,,239,45
1398,,239,145
1399,,239,437
1400,,239,518
1401,,239,543
1402,,239,544
1403,,239,631
1404,,239,809
1405,,239,837
1406,,239,838
1407,,239,891
1408,,239,955
1409,,240,69
1410,,240,201
1411,,240,266
1412,,240,495
1413,,240,737
1414,,240,874
1415,,241,326
1416,,241,403
1417,,241,662
1418,,241,673
1419,,241,756
1420,,241,852
1421,,241,867
1422,,242,172
1423,,242,978
1424,,243,15
1425,,243,182
1426,,244,118
1427,,244,198
1428,,244,518
1429,,244,969
1430,,245,11
1431,,245,170
1432,,245,430
1433,,245,444
1434,,245,740
1435,,245,909
1436,,245,950
1437,,246,68
1438,,246,209
1439,,246,233
1440,,246,344
1441,,246,436
1442,,246,455
1443,,246,495
1444,,246,607
1445,,247,155
1446,,247,169
1447,,247,463
1448,,247,735
1449,,248,39
1450,,248,339
1451,,249,78
1452,,249,640
1453,,249,764
1454,,249,778
1455,,250,27
1456,,250,29
1457,,250,146
1458,,250,193
1459,,250,314
1460,,250,330
1461,,250,571
1462,,250,886
1463,,250,930
1464,,251,281
1465,,251,575
1466,,251,874
1467,,251,995
1468,,252,48
1469,,252,138
1470,,253,71
1471,,253,87
1472,,253,159
1473,,253,217
1474,,253,430
1475,,253,559
1476,,253,915
1477,,254,100
1478,,254,221
1479,,254,319
1480,,254,385
1481,,254,500
1482,,254,532
1483,,254,645
1484,,255,23
1485,,255,39
1486,,255,656
1487,,255,832
1488,,255,839
1489,,256,28
1490,,256,47
1491,,256,397
1492,,256,831
1493,,256,871
1494,,257,36
1495,,257,137
1496,,257,238
1497,,257,368
1498,,257,380
1499,,257,603
1500,,257,673
1501,,257,820
1502,,257,988
1503,,258,93
1504,,258,175
1505,,258,182
1506,,258,281
1507,,259,328
1508,,259,388
1509,,259,561
1510,,259,580
1511,,259,963
1512,,260,11
1513,,260,21
1514,,260,101
1515,,260,416
1516,,260,753
1517,,261,108
1518,,261,119
1519,,261,123
1520,,261,241
1521,,261,584
1522,,261,722
1523,,261,894
1524,,261,914
1525,,262,247
1526,,262,274
1527,,262,414
1528,,262,566
1529,,263,531
1530,,263,612
1531,,263,729
1532,,263,738
1533,,264,63
1534,,264,87
1535,,264,272
1536,,264,289
1537,,265,233
1538,,265,293
1539,,265,472
1540,,265,539
1541,,266,15
1542,,266,511
1543,,266,723
1544,,266,942
1545,,266,946
1546,,267,124
1547,,267,416
1548,,267,534
1549,,267,571
1550,,268,444
1551,,268,522
1552,,268,764
1553,,268,807
1554,,268,959
1555,,268,973
1556,,269,63
1557,,269,209
1558,,269,491
1559,,269,571
1560,,269,676
1561,,270,47
1562,,270,53
1563,,270,66
1564,,270,109
1565,,270,399
1566,,270,409
1567,,270,859
1568,,270,973
1569,,271,604
1570,,271,656
1571,,271,729
1572,,271,849
1573,,271,988
1574,,272,81
1575,,272,224
1576,,272,529
1577,,272,709
1578,,272,908
1579,,273,430
1580,,273,487
1581,,273,607
1582,,273,682
1583,,273,729
1584,,273,820
1585,,273,839
1586,,274,38
1587,,274,692
1588,,275,123
1589,,275,131
1590,,275,140
1591,,275,159
1592,,275,179
1593,,275,198
1594,,275,283
1595,,275,289
1596,,275,337
1597,,275,442
1598,,275,521
1599,,275,571
1600,,275,652
1601,,275,707
1602,,275,830
1603,,275,993
1604,,276,42
1605,,276,55
1606,,276,255
1607,,276,291
1608,,276,480
1609,,276,490
1610,,276,659
1611,,276,684
1612,,276,818
1613,,276,850
1614,,276,921
1615,,277,87
1616,,277,300
1617,,277,883
1618,,277,889
1619,,278,132
1620,,278,168
1621,,278,222
1622,,278,517
1623,,278,761
1624,,278,988
1625,,279,67
1626,,279,140
1627,,279,260
1628,,279,657
1629,,279,709
1630,,280,47
1631,,280,228
1632,,280,240
1633,,280,247
1634,,280,430
1635,,280,480
1636,,280,487
1637,,280,571
1638,,280,778
1639,,280,791
1640,,280,871
1641,,281,17
1642,,281,60
1643,,281,193
1644,,281,205
1645,,281,424
1646,,281,629
1647,,281,827
1648,,281,839
1649,,281,934
1650,,282,87
1651,,282,124
1652,,282,131
1653,,282,425
1654,,282,992
1655,,283,184
1656,,283,751
1657,,284,315
1658,,284,332
1659,,284,442
1660,,284,707
1661,,284,710
1662,,284,855
1663,,285,153
1664,,285,463
1665,,285,734
1666,,285,870
1667,,286,86
1668,,286,204
1669,,286,339
1670,,286,418
1671,,286,795
1672,,286,800
1673,,287,43
1674,,287,493
1675,,287,849
1676,,288,17
1677,,288,158
1678,,288,459
1679,,288,684
1680,,288,973
1681,,289,137
1682,,289,150
1683,,289,444
1684,,289,628
1685,,289,740
1686,,289,854
1687,,290,87
1688,,290,291
1689,,290,620
1690,,290,628
1691,,290,688
1692,,290,709
1693,,290,747
1694,,290,803
1695,,290,834
1696,,291,85
1697,,291,167
1698,,291,282
1699,,291,477
1700,,291,733
1701,,291,800
1702,,291,970
1703,,292,42
1704,,292,155
1705,,292,191
1706,,292,299
1707,,292,318
1708,,292,776
1709,,293,124
1710,,293,167
1711,,293,266
1712,,293,430
1713,,293,447
1714,,293,456
1715,,293,524
1716,,293,595
1717,,293,601
1718,,293,662
1719,,293,692
1720,,293,934
1721,,293,994
1722,,294,432
1723,,294,592
1724,,294,747
1725,,294,817
1726,,294,832
1727,,294,927
1728,,295,226
1729,,295,235
1730,,295,425
1731,,295,439
1732,,295,442
1733,,295,559
1734,,295,797
1735,,295,965
1736,,296,74
1737,,296,499
1738,,296,613
1739,,296,687
1740,,296,908
1741,,296,962
1742,,297,28
1743,,297,38
1744,,297,387
1745,,297,549
1746,,297,723
1747,,297,744
1748,,298,234
1749,,298,413
1750,,298,874
1751,,298,909
1752,,299,0
1753,,299,29
1754,,299,52
1755,,299,146
1756,,299,335
1757,,299,429
1758,,299,798
1759,,300,95
1760,,300,495
1761,,300,697
1762,,300,800
1763,,301,61
1764,,301,192
1765,,301,222
1766,,301,273
1767,,301,423
1768,,301,428
1769,,301,722
1770,,301,807
1771,,302,179
1772,,302,221
1773,,302,540
1774,,302,571
1775,,302,607
1776,,302,674
1777,,302,974
1778,,303,25
1779,,303,571
1780,,303,666
1781,,303,686
1782,,303,715
1783,,303,767
1784,,303,813
1785,,303,876
1786,,304,193
1787,,304,813
1788,,304,953
1789,,305,356
1790,,305,699
1791,,305,721
1792,,305,912
1793,,306,36
1794,,306,47
1795,,306,48
1796,,306,68
1797,,307,432
1798,,307,561
1799,,308,47
1800,,308,148
1801,,308,542
1802,,308,553
1803,,308,832
1804,,309,26
1805,,309,56
1806,,309,108
1807,,309,277
1808,,309,293
1809,,309,314
1810,,309,346
1811,,309,521
1812,,309,729
1813,,309,849
1814,,309,904
1815,,310,47
1816,,310,191
1817,,310,217
1818,,310,334
1819,,310,335
1820,,310,543
1821,,310,930
1822,,311,291
1823,,311,414
1824,,311,480
1825,,311,539
1826,,311,709
1827,,311,797
1828,,311,910
1829,,311,994
1830,,312,124
1831,,312,188
1832,,312,306
1833,,312,442
1834,,312,493
1835,,312,628
1836,,312,734
1837,,312,938
1838,,313,132
1839,,313,138
1840,,313,146
1841,,313,259
1842,,313,335
1843,,313,414
1844,,313,883
1845,,314,612
1846,,314,624
1847,,314,750
1848,,314,780
1849,,315,36
1850,,315,209
1851,,315,234
1852,,315,320
1853,,315,321
1854,,315,420
1855,,315,463
1856,,315,711
1857,,315,712
1858,,316,116
1859,,316,139
1860,,316,220
1861,,316,682
1862,,317,306
1863,,317,586
1864,,317,613
1865,,317,644
1866,,317,665
1867,,317,778
1868,,317,855
1869,,317,885
1870,,318,188
1871,,318,321
1872,,318,662
1873,,318,855
1874,,318,901
1875,,319,119
1876,,319,179
1877,,319,317
1878,,319,353
1879,,319,471
1880,,319,631
1881,,319,707
1882,,319,950
1883,,320,477
1884,,320,518
1885,,320,544
1886,,320,646
1887,,320,656
1888,,320,734
1889,,321,195
1890,,321,538
1891,,321,914
1892,,322,145
1893,,322,351
1894,,322,963
1895,,323,570
1896,,323,852
1897,,323,859
1898,,323,861
1899,,324,57
1900,,324,78
1901,,324,124
1902,,324,209
1903,,324,238
1904,,324,493
1905,,324,521
1906,,324,604
1907,,324,722
1908,,324,732
1909,,325,246
1910,,325,521
1911,,325,594
1912,,326,11
1913,,326,250
1914,,326,291
1915,,326,373
1916,,326,821
1917,,326,901
1918,,326,960
1919,,327,15
1920,,327,182
1921,,327,209
1922,,327,463
1923,,327,614
1924,,327,668
1925,,327,988
1926,,328,132
1927,,328,486
1928,,328,492
1929,,328,704
1930,,329,142
1931,,329,173
1932,,329,238
1933,,329,277
1934,,329,285
1935,,329,322
1936,,329,360
1937,,329,467
1938,,329,559
1939,,329,601
1940,,329,772
1941,,329,799
1942,,329,831
1943,,329,836
1944,,330,40
1945,,330,129
1946,,330,259
1947,,330,521
1948,,330,789
1949,,330,893
1950,,330,920
1951,,330,961
1952,,331,59
1953,,331,357
1954,,331,673
1955,,332,43
1956,,332,219
1957,,332,318
1958,,332,582
1959,,332,767
1960,,333,575
1961,,333,628
1962,,333,710
1963,,333,733
1964,,334,258
1965,,334,575
1966,,334,612
1967,,335,40
1968,,335,41
1969,,335,146
1970,,335,154
1971,,335,233
1972,,335,539
1973,,335,631
1974,,336,234
1975,,336,316
1976,,336,517
1977,,336,808
1978,,336,811
1979,,336,826
1980,,337,138
1981,,337,213
1982,,337,360
1983,,337,536
1984,,337,578
1985,,338,9
1986,,338,410
1987,,338,628
1988,,338,874
1989,,338,959
1990,,339,137
1991,,339,374
1992,,339,593
1993,,339,801
1994,,339,861
1995,,340,89
1996,,340,360
1997,,340,540
1998,,340,570
1999,,340,628
2000,,341,63
2001,,341,586
2002,,341,722
2003,,341,859
2004,,342,39
2005,,342,55
2006,,342,402
2007,,342,784
2008,,342,800
2009,,342,838
2010,,342,987
2011,,343,63
2012,,343,97
2013,,343,111
2014,,343,118
2015,,343,335
2016,,343,360
2017,,343,425
2018,,344,33
2019,,344,299
2020,,344,357
2021,,344,414
2022,,344,553
2023,,344,930
2024,,344,994
2025,,345,47
2026,,345,123
2027,,345,335
2028,,345,447
2029,,345,579
2030,,345,743
2031,,345,821
2032,,345,879
2033,,346,124
2034,,346,140
2035,,346,416
2036,,346,571
2037,,346,750
2038,,346,907
2039,,346,917
2040,,347,43
2041,,347,62
2042,,347,93
2043,,347,132
2044,,347,258
2045,,347,482
2046,,347,546
2047,,347,595
2048,,347,668
2049,,347,674
2050,,347,707
2051,,347,764
2052,,347,914
2053,,348,20
2054,,348,107
2055,,348,213
2056,,348,552
2057,,348,570
2058,,348,807
2059,,348,808
2060,,348,870
2061,,349,51
2062,,349,398
2063,,349,432
2064,,349,795
2065,,350,826
2066,,350,896
2067,,350,994
2068,,351,48
2069,,351,198
2070,,351,222
2071,,351,291
2072,,351,416
2073,,351,575
2074,,351,941
2075,,352,71
2076,,352,437
2077,,352,480
2078,,353,233
2079,,353,384
2080,,353,996
2081,,354,95
2082,,354,212
2083,,354,218
2084,,354,318
2085,,354,375
2086,,354,587
2087,,354,679
2088,,354,727
2089,,354,733
2090,,354,740
2091,,354,764
2092,,355,233
2093,,355,648
2094,,355,678
2095,,355,812
2096,,355,974
2097,,356,14
2098,,356,416
2099,,356,441
2100,,356,471
2101,,356,540
2102,,357,287
2103,,357,290
2104,,357,344
2105,,357,553
2106,,358,246
2107,,358,405
2108,,358,738
2109,,359,43
2110,,359,55
2111,,359,188
2112,,359,216
2113,,359,387
2114,,359,625
2115,,359,634
2116,,360,69
2117,,360,300
2118,,360,753
2119,,360,800
2120,,360,999
2121,,361,119
2122,,361,176
2123,,361,534
2124,,361,931
2125,,361,946
2126,,361,988
2127,,362,543
2128,,362,981
2129,,363,36
2130,,363,150
2131,,363,214
2132,,364,159
2133,,364,166
2134,,364,417
2135,,364,831
2136,,364,860
2137,,364,863
2138,,364,930
2139,,365,15
2140,,365,319
2141,,365,397
2142,,365,511
2143,,365,553
2144,,365,723
2145,,365,942
2146,,365,946
2147,,366,127
2148,,366,378
2149,,366,404
2150,,366,456
2151,,366,524
2152,,366,542
2153,,366,974
2154,,367,8
2155,,367,970
2156,,368,5
2157,,368,125
2158,,368,230
2159,,368,545
2160,,368,887
2161,,369,185
2162,,369,293
2163,,369,389
2164,,369,471
2165,,369,998
2166,,370,87
2167,,370,127
2168,,370,155
2169,,370,207
2170,,370,377
2171,,370,403
2172,,370,518
2173,,370,604
2174,,371,53
2175,,371,120
2176,,371,353
2177,,371,409
2178,,371,459
2179,,371,611
2180,,371,613
2181,,371,973
2182,,372,218
2183,,372,432
2184,,372,443
2185,,372,656
2186,,372,756
2187,,372,764
2188,,372,874
2189,,372,914
2190,,373,146
2191,,373,335
2192,,373,429
2193,,373,592
2194,,373,707
2195,,373,820
2196,,373,992
2197,,374,6
2198,,374,40
2199,,374,222
2200,,374,385
2201,,375,77
2202,,375,238
2203,,375,915
2204,,376,783
2205,,377,11
2206,,377,222
2207,,377,266
2208,,377,459
2209,,377,673
2210,,377,675
2211,,377,800
2212,,377,904
2213,,378,69
2214,,378,72
2215,,378,437
2216,,378,578
2217,,379,89
2218,,379,338
2219,,379,879
2220,,380,39
2221,,380,212
2222,,380,453
2223,,380,467
2224,,380,495
2225,,380,538
2226,,380,558
2227,,380,631
2228,,380,652
2229,,380,656
2230,,381,577
2231,,381,589
2232,,381,715
2233,,381,861
2234,,381,962
2235,,381,965
2236,,382,69
2237,,382,436
2238,,382,532
2239,,382,737
2240,,382,782
2241,,382,815
2242,,383,62
2243,,383,222
2244,,383,442
2245,,383,553
2246,,383,595
2247,,383,863
2248,,384,111
2249,,384,259
2250,,384,283
2251,,384,356
2252,,384,374
2253,,384,405
2254,,384,752
2255,,384,764
2256,,384,786
2257,,384,925
2258,,385,332
2259,,385,409
2260,,385,413
2261,,385,879
2262,,385,902
2263,,386,127
2264,,386,281
2265,,386,553
2266,,386,625
2267,,386,758
2268,,386,808
2269,,386,916
2270,,387,81
2271,,387,148
2272,,387,178
2273,,387,201
2274,,387,293
2275,,387,472
2276,,387,485
2277,,387,901
2278,,388,5
2279,,388,132
2280,,388,298
2281,,388,432
2282,,388,477
2283,,388,628
2284,,388,663
2285,,388,808
2286,,388,849
2287,,388,851
2288,,388,909
2289,,389,49
2290,,389,649
2291,,389,879
2292,,389,890
2293,,389,902
2294,,389,915
2295,,389,988
2296,,390,285
2297,,390,368
2298,,390,707
2299,,390,769
2300,,390,813
2301,,390,827
2302,,391,305
2303,,391,395
2304,,391,723
2305,,391,727
2306,,392,422
2307,,392,542
2308,,392,842
2309,,393,212
2310,,393,218
2311,,393,375
2312,,393,764
2313,,394,16
2314,,394,155
2315,,394,336
2316,,394,456
2317,,394,628
2318,,394,820
2319,,395,11
2320,,395,21
2321,,395,101
2322,,395,416
2323,,395,753
2324,,395,883
2325,,395,892
2326,,395,992
2327,,396,135
2328,,396,377
2329,,396,482
2330,,396,497
2331,,396,592
2332,,396,682
2333,,396,739
2334,,397,29
2335,,397,545
2336,,397,571
2337,,397,614
2338,,397,628
2339,,397,700
2340,,398,399
2341,,398,404
2342,,398,527
2343,,399,47
2344,,399,148
2345,,399,238
2346,,399,278
2347,,399,368
2348,,399,446
2349,,399,544
2350,,399,584
2351,,400,11
2352,,400,168
2353,,400,380
2354,,400,571
2355,,400,988
2356,,401,127
2357,,401,166
2358,,401,191
2359,,402,38
2360,,402,310
2361,,402,348
2362,,402,439
2363,,402,520
2364,,402,583
2365,,402,629
2366,,402,656
2367,,402,789
2368,,402,814
2369,,403,154
2370,,403,221
2371,,403,247
2372,,403,306
2373,,403,326
2374,,403,330
2375,,403,459
2376,,403,623
2377,,403,827
2378,,403,877
2379,,403,985
2380,,404,23
2381,,404,48
2382,,404,330
2383,,404,493
2384,,404,580
2385,,404,592
2386,,404,826
2387,,405,150
2388,,405,371
2389,,405,558
2390,,405,688
2391,,405,962
2392,,405,988
2393,,405,989
2394,,406,456
2395,,406,614
2396,,406,666
2397,,406,852
2398,,406,961
2399,,406,993
2400,,407,56
2401,,407,293
2402,,407,521
2403,,407,729
2404,,407,930
2405,,407,998
2406,,408,477
2407,,408,604
2408,,408,808
2409,,409,3
2410,,409,57
2411,,409,86
2412,,409,201
2413,,409,423
2414,,409,806
2415,,409,832
2416,,410,221
2417,,410,261
2418,,410,322
2419,,410,339
2420,,410,553
2421,,410,732
2422,,410,994
2423,,411,291
2424,,411,300
2425,,411,430
2426,,411,764
2427,,411,902
2428,,412,128
2429,,412,592
2430,,412,697
2431,,412,719
2432,,412,902
2433,,413,38
2434,,413,97
2435,,413,662
2436,,413,996
2437,,414,127
2438,,414,444
2439,,414,759
2440,,414,832
2441,,414,946
2442,,415,62
2443,,415,764
2444,,415,891
2445,,415,904
2446,,415,963
2447,,415,995
2448,,416,78
2449,,416,127
2450,,416,233
2451,,416,255
2452,,416,425
2453,,416,437
2454,,416,778
2455,,416,815
2456,,417,367
2457,,417,699
2458,,417,820
2459,,417,827
2460,,417,930
2461,,418,45
2462,,418,430
2463,,418,437
2464,,418,442
2465,,418,518
2466,,418,631
2467,,418,826
2468,,418,838
2469,,418,858
2470,,419,14
2471,,419,302
2472,,419,377
2473,,419,405
2474,,419,416
2475,,419,444
2476,,419,514
2477,,419,634
2478,,419,878
2479,,419,924
2480,,419,992
2481,,420,133
2482,,420,531
2483,,420,546
2484,,420,553
2485,,420,733
2486,,420,886
2487,,420,970
2488,,421,72
2489,,421,160
2490,,421,879
2491,,421,963
2492,,421,972
2493,,422,154
2494,,422,472
2495,,422,868
2496,,422,903
2497,,423,11
2498,,423,52
2499,,423,197
2500,,423,924
2501,,423,961
2502,,423,993
2503,,424,291
2504,,424,318
2505,,424,402
2506,,424,743
2507,,424,800
2508,,425,39
2509,,425,545
2510,,425,926
2511,,426,99
2512,,426,102
2513,,426,139
2514,,426,194
2515,,426,266
2516,,426,462
2517,,427,3
2518,,427,50
2519,,427,147
2520,,427,209
2521,,427,238
2522,,427,336
2523,,427,765
2524,,427,799
2525,,428,289
2526,,428,377
2527,,428,477
2528,,428,553
2529,,428,809
2530,,428,912
2531,,429,86
2532,,429,368
2533,,430,182
2534,,430,281
2535,,430,318
2536,,430,399
2537,,430,437
2538,,430,729
2539,,430,925
2540,,431,39
2541,,431,51
2542,,431,398
2543,,431,416
2544,,431,432
2545,,431,795
2546,,432,185
2547,,432,233
2548,,432,336
2549,,432,595
2550,,432,976
2551,,433,85
2552,,433,399
2553,,433,444
2554,,433,553
2555,,433,612
2556,,434,14
2557,,434,51
2558,,434,209
2559,,434,222
2560,,434,838
2561,,434,868
2562,,435,60
2563,,435,87
2564,,435,123
2565,,435,127
2566,,435,221
2567,,435,259
2568,,435,375
2569,,435,402
2570,,435,445
2571,,435,459
2572,,435,485
2573,,435,527
2574,,435,704
2575,,435,879
2576,,436,87
2577,,436,988
2578,,437,371
2579,,437,437
2580,,437,444
2581,,437,521
2582,,437,541
2583,,437,679
2584,,437,780
2585,,437,833
2586,,437,859
2587,,437,863
2588,,437,961
2589,,437,994
2590,,438,111
2591,,438,481
2592,,438,778
2593,,438,938
2594,,439,221
2595,,439,414
2596,,440,119
2597,,440,281
2598,,440,374
2599,,440,387
2600,,440,471
2601,,440,526
2602,,440,531
2603,,440,545
2604,,440,876
2605,,440,881
2606,,440,962
2607,,441,150
2608,,441,289
2609,,442,303
2610,,442,399
2611,,442,453
2612,,442,640
2613,,442,732
2614,,442,903
2615,,442,927
2616,,443,187
2617,,443,571
2618,,443,642
2619,,443,656
2620,,443,657
2621,,443,752
2622,,444,50
2623,,444,104
2624,,444,319
2625,,444,781
2626,,444,828
2627,,444,830
2628,,445,33
2629,,445,132
2630,,445,233
2631,,445,474
2632,,445,733
2633,,445,963
2634,,446,52
2635,,446,107
2636,,446,221
2637,,446,380
2638,,446,415
2639,,446,799
2640,,446,960
2641,,446,962
2642,,447,348
2643,,447,705
2644,,447,724
2645,,448,71
2646,,448,374
2647,,448,809
2648,,448,998
2649,,449,209
2650,,449,297
2651,,449,687
2652,,449,876
2653,,449,929
2654,,450,108
2655,,450,259
2656,,450,584
2657,,450,665
2658,,450,868
2659,,451,490
2660,,451,553
2661,,451,559
2662,,451,664
2663,,452,17
2664,,452,93
2665,,452,176
2666,,452,238
2667,,452,280
2668,,452,293
2669,,452,699
2670,,452,737
2671,,452,855
2672,,452,874
2673,,453,43
2674,,453,130
2675,,453,592
2676,,453,813
2677,,453,840
2678,,454,290
2679,,454,398
2680,,454,671
2681,,454,682
2682,,454,707
2683,,454,790
2684,,455,376
2685,,455,472
2686,,455,542
2687,,455,800
2688,,456,127
2689,,456,238
2690,,456,320
2691,,456,324
2692,,456,509
2693,,456,524
2694,,456,902
2695,,456,966
2696,,457,80
2697,,457,181
2698,,457,201
2699,,457,209
2700,,457,330
2701,,457,397
2702,,457,946
2703,,457,996
2704,,458,69
2705,,458,148
2706,,458,217
2707,,458,481
2708,,458,657
2709,,459,145
2710,,459,280
2711,,460,116
2712,,460,647
2713,,460,772
2714,,460,785
2715,,460,873
2716,,460,899
2717,,460,903
2718,,461,47
2719,,461,403
2720,,461,414
2721,,461,437
2722,,461,764
2723,,461,961
2724,,462,338
2725,,462,346
2726,,462,371
2727,,462,539
2728,,463,150
2729,,463,233
2730,,463,416
2731,,463,465
2732,,463,624
2733,,463,718
2734,,463,800
2735,,463,840
2736,,464,107
2737,,464,575
2738,,464,603
2739,,464,674
2740,,464,707
2741,,464,837
2742,,464,852
2743,,464,955
2744,,465,139
2745,,465,299
2746,,465,446
2747,,466,25
2748,,466,140
2749,,466,277
2750,,466,291
2751,,466,331
2752,,466,541
2753,,466,614
2754,,466,720
2755,,466,991
2756,,467,442
2757,,467,713
2758,,467,903
2759,,468,26
2760,,468,121
2761,,468,300
2762,,468,409
2763,,468,601
2764,,468,621
2765,,468,772
2766,,468,834
2767,,468,871
2768,,468,973
2769,,469,183
2770,,469,306
2771,,469,368
2772,,469,399
2773,,469,459
2774,,470,231
2775,,470,338
2776,,470,403
2777,,470,516
2778,,470,613
2779,,470,677
2780,,470,721
2781,,470,854
2782,,470,894
2783,,471,61
2784,,471,62
2785,,471,146
2786,,471,336
2787,,472,333
2788,,472,338
2789,,472,521
2790,,472,592
2791,,472,893
2792,,473,572
2793,,473,679
2794,,473,783
2795,,473,806
2796,,473,835
2797,,473,941
2798,,474,39
2799,,474,219
2800,,474,327
2801,,474,466
2802,,474,527
2803,,474,531
2804,,474,732
2805,,474,814
2806,,475,203
2807,,475,234
2808,,475,628
2809,,475,946
2810,,476,221
2811,,476,350
2812,,476,377
2813,,476,583
2814,,476,623
2815,,476,629
2816,,477,169
2817,,477,409
2818,,477,487
2819,,477,507
2820,,477,954
2821,,478,13
2822,,478,59
2823,,478,132
2824,,478,212
2825,,478,461
2826,,478,660
2827,,478,827
2828,,478,890
2829,,479,8
2830,,479,589
2831,,480,71
2832,,480,87
2833,,480,159
2834,,480,217
2835,,480,350
2836,,480,430
2837,,480,559
2838,,480,828
2839,,480,878
2840,,480,915
2841,,481,289
2842,,481,820
2843,,482,229
2844,,482,300
2845,,482,482
2846,,482,514
2847,,482,908
2848,,483,74
2849,,483,83
2850,,483,709
2851,,483,737
2852,,484,274
2853,,484,592
2854,,484,709
2855,,484,807
2856,,484,895
2857,,485,76
2858,,485,81
2859,,485,377
2860,,485,837
2861,,485,874
2862,,485,902
2863,,485,921
2864,,486,21
2865,,486,169
2866,,486,266
2867,,486,487
2868,,487,464
2869,,487,539
2870,,487,656
2871,,487,731
2872,,487,764
2873,,488,180
2874,,488,344
2875,,488,829
2876,,489,39
2877,,489,67
2878,,489,69
2879,,489,261
2880,,489,374
2881,,489,439
2882,,489,668
2883,,489,707
2884,,489,767
2885,,489,837
2886,,489,902
2887,,489,970
2888,,490,246
2889,,490,316
2890,,490,631
2891,,490,707
2892,,490,812
2893,,491,127
2894,,491,344
2895,,491,347
2896,,491,586
2897,,491,914
2898,,492,109
2899,,492,188
2900,,492,274
2901,,492,353
2902,,492,397
2903,,492,628
2904,,492,868
2905,,493,168
2906,,493,197
2907,,493,404
2908,,493,420
2909,,493,589
2910,,493,805
2911,,494,3
2912,,494,260
2913,,494,281
2914,,494,283
2915,,494,339
2916,,494,377
2917,,494,577
2918,,494,619
2919,,494,990
2920,,494,998
2921,,495,117
2922,,495,133
2923,,495,378
2924,,495,620
2925,,495,628
2926,,496,160
2927,,496,289
2928,,496,656
2929,,496,666
2930,,497,52
2931,,497,221
2932,,497,799
2933,,497,960
2934,,497,962
2935,,498,283
2936,,498,412
2937,,498,425
2938,,498,451
2939,,499,94
2940,,499,521
2941,,499,773
2942,,499,949
2943,,499,996
2944,,500,38
2945,,500,190
2946,,500,405
2947,,500,650
2948,,500,831
2949,,501,238
2950,,501,346
2951,,501,497
2952,,502,80
2953,,502,472
2954,,502,732
2955,,502,737
2956,,502,833
2957,,502,885
2958,,503,7
2959,,503,26
2960,,503,118
2961,,503,240
2962,,503,549
2963,,503,874
2964,,503,903
2965,,503,925
2966,,504,23
2967,,504,484
2968,,504,709
2969,,504,874
2970,,504,904
2971,,504,905
2972,,504,908
2973,,504,934
2974,,505,261
2975,,505,664
2976,,506,69
2977,,506,444
2978,,506,447
2979,,506,832
2980,,507,274
2981,,507,603
2982,,507,722
2983,,507,800
2984,,508,9
2985,,508,325
2986,,508,374
2987,,508,631
2988,,508,737
2989,,508,849
2990,,509,166
2991,,509,281
2992,,509,289
2993,,509,303
2994,,509,809
2995,,510,279
2996,,510,312
2997,,511,209
2998,,511,358
2999,,511,599
3000,,511,806
3001,,511,871
3002,,511,897
3003,,512,263
3004,,512,481
3005,,512,592
3006,,512,710
3007,,512,798
3008,,512,941
3009,,513,238
3010,,513,629
3011,,513,658
3012,,513,773
3013,,513,781
3014,,513,807
3015,,513,860
3016,,514,530
3017,,514,716
3018,,514,827
3019,,515,5
3020,,515,299
3021,,515,307
3022,,515,472
3023,,515,722
3024,,515,959
3025,,516,159
3026,,516,248
3027,,516,538
3028,,516,578
3029,,516,592
3030,,516,709
3031,,516,781
3032,,517,212
3033,,517,218
3034,,517,238
3035,,517,375
3036,,517,400
3037,,517,764
3038,,517,903
3039,,517,915
3040,,518,592
3041,,518,741
3042,,518,925
3043,,518,961
3044,,519,174
3045,,519,707
3046,,519,814
3047,,519,832
3048,,519,877
3049,,519,879
3050,,520,29
3051,,520,302
3052,,520,417
3053,,520,480
3054,,520,664
3055,,520,737
3056,,521,36
3057,,521,414
3058,,521,459
3059,,521,509
3060,,521,670
3061,,521,798
3062,,521,853
3063,,521,863
3064,,521,870
3065,,521,994
3066,,522,283
3067,,522,371
3068,,522,500
3069,,522,799
3070,,522,868
3071,,523,3
3072,,523,248
3073,,523,773
3074,,524,246
3075,,524,316
3076,,524,631
3077,,525,138
3078,,525,242
3079,,525,624
3080,,525,629
3081,,525,794
3082,,526,27
3083,,526,91
3084,,526,127
3085,,526,150
3086,,526,424
3087,,526,584
3088,,526,770
3089,,527,33
3090,,527,34
3091,,527,69
3092,,527,117
3093,,527,538
3094,,527,656
3095,,527,945
3096,,528,135
3097,,528,805
3098,,528,871
3099,,529,195
3100,,529,209
3101,,529,432
3102,,529,553
3103,,529,901
3104,,530,93
3105,,530,300
3106,,530,316
3107,,530,837
3108,,531,342
3109,,531,373
3110,,531,437
3111,,531,707
3112,,532,87
3113,,532,334
3114,,532,415
3115,,532,472
3116,,532,507
3117,,532,808
3118,,532,832
3119,,532,837
3120,,532,961
3121,,533,366
3122,,533,553
3123,,533,634
3124,,533,682
3125,,533,988
3126,,534,195
3127,,534,209
3128,,534,432
3129,,534,465
3130,,534,540
3131,,534,553
3132,,534,612
3133,,534,629
3134,,534,773
3135,,534,827
3136,,534,901
3137,,535,7
3138,,535,55
3139,,535,368
3140,,535,437
3141,,535,756
3142,,535,837
3143,,536,189
3144,,536,377
3145,,536,790
3146,,537,69
3147,,537,193
3148,,537,414
3149,,537,471
3150,,537,666
3151,,537,875
3152,,537,912
3153,,538,167
3154,,538,186
3155,,538,542
3156,,538,589
3157,,538,603
3158,,538,623
3159,,538,820
3160,,538,891
3161,,538,950
3162,,539,412
3163,,539,419
3164,,539,511
3165,,540,321
3166,,540,338
3167,,541,40
3168,,541,413
3169,,541,471
3170,,541,545
3171,,541,547
3172,,541,954
3173,,541,961
3174,,542,22
3175,,542,62
3176,,542,567
3177,,542,666
3178,,542,673
3179,,542,961
3180,,543,35
3181,,543,145
3182,,543,185
3183,,543,205
3184,,543,291
3185,,543,368
3186,,543,416
3187,,543,509
3188,,543,886
3189,,543,986
3190,,544,87
3191,,544,395
3192,,544,443
3193,,544,444
3194,,544,587
3195,,544,873
3196,,545,83
3197,,545,221
3198,,545,595
3199,,545,612
3200,,545,707
3201,,545,727
3202,,546,101
3203,,546,387
3204,,546,625
3205,,546,806
3206,,546,809
3207,,547,107
3208,,547,124
3209,,547,163
3210,,547,241
3211,,547,881
3212,,547,952
3213,,548,155
3214,,548,169
3215,,548,463
3216,,548,502
3217,,548,530
3218,,548,903
3219,,549,334
3220,,549,599
3221,,549,752
3222,,549,756
3223,,549,902
3224,,549,993
3225,,550,132
3226,,550,300
3227,,550,874
3228,,550,988
3229,,551,48
3230,,551,520
3231,,551,558
3232,,551,752
3233,,551,959
3234,,552,124
3235,,552,465
3236,,552,644
3237,,552,738
3238,,552,891
3239,,553,314
3240,,553,521
3241,,553,874
3242,,554,306
3243,,554,319
3244,,554,486
3245,,554,790
3246,,554,877
3247,,555,53
3248,,555,219
3249,,555,255
3250,,555,293
3251,,555,300
3252,,555,571
3253,,555,599
3254,,555,682
3255,,555,894
3256,,555,963
3257,,556,127
3258,,556,167
3259,,556,189
3260,,556,534
3261,,556,851
3262,,557,423
3263,,557,437
3264,,557,447
3265,,558,47
3266,,558,66
3267,,558,109
3268,,558,399
3269,,558,859
3270,,559,20
3271,,559,27
3272,,559,51
3273,,559,87
3274,,559,132
3275,,559,321
3276,,559,404
3277,,559,472
3278,,559,543
3279,,559,592
3280,,559,868
3281,,559,871
3282,,559,981
3283,,560,18
3284,,560,71
3285,,560,118
3286,,560,131
3287,,560,185
3288,,560,404
3289,,560,482
3290,,560,490
3291,,560,553
3292,,560,652
3293,,560,961
3294,,561,138
3295,,561,154
3296,,561,486
3297,,561,601
3298,,561,604
3299,,561,938
3300,,562,28
3301,,562,124
3302,,562,492
3303,,562,527
3304,,562,598
3305,,562,600
3306,,562,728
3307,,562,800
3308,,562,959
3309,,563,124
3310,,563,188
3311,,563,699
3312,,563,891
3313,,563,988
3314,,564,67
3315,,564,191
3316,,564,647
3317,,564,753
3318,,564,756
3319,,564,839
3320,,565,289
3321,,565,332
3322,,565,378
3323,,565,409
3324,,565,413
3325,,565,669
3326,,565,879
3327,,565,902
3328,,566,112
3329,,566,154
3330,,566,353
3331,,566,807
3332,,567,48
3333,,567,299
3334,,567,497
3335,,567,797
3336,,567,910
3337,,567,994
3338,,568,15
3339,,568,47
3340,,568,138
3341,,568,154
3342,,568,209
3343,,568,314
3344,,568,338
3345,,568,773
3346,,569,40
3347,,569,240
3348,,569,292
3349,,569,316
3350,,569,364
3351,,569,858
3352,,569,917
3353,,570,572
3354,,570,709
3355,,570,952
3356,,571,445
3357,,571,482
3358,,571,615
3359,,571,767
3360,,571,886
3361,,571,934
3362,,572,901
3363,,573,117
3364,,573,395
3365,,573,558
3366,,573,699
3367,,573,709
3368,,574,99
3369,,574,118
3370,,574,353
3371,,574,402
3372,,574,478
3373,,574,601
3374,,574,767
3375,,574,807
3376,,574,908
3377,,574,966
3378,,575,35
3379,,575,603
3380,,575,623
3381,,575,706
3382,,575,795
3383,,575,868
3384,,576,48
3385,,576,341
3386,,576,457
3387,,576,480
3388,,576,559
3389,,576,566
3390,,576,669
3391,,576,691
3392,,576,852
3393,,576,930
3394,,577,319
3395,,577,612
3396,,577,789
3397,,577,860
3398,,578,12
3399,,578,17
3400,,578,85
3401,,578,316
3402,,578,446
3403,,578,500
3404,,578,574
3405,,578,908
3406,,579,52
3407,,579,81
3408,,579,144
3409,,579,274
3410,,579,729
3411,,579,735
3412,,579,778
3413,,580,222
3414,,580,527
3415,,580,613
3416,,580,746
3417,,580,981
3418,,581,148
3419,,581,330
3420,,581,366
3421,,581,584
3422,,581,629
3423,,581,658
3424,,581,771
3425,,582,510
3426,,582,782
3427,,583,114
3428,,583,432
3429,,583,487
3430,,583,545
3431,,583,607
3432,,583,709
3433,,583,868
3434,,583,892
3435,,583,934
3436,,584,52
3437,,584,402
3438,,584,453
3439,,584,673
3440,,584,955
3441,,585,123
3442,,585,353
3443,,585,800
3444,,585,832
3445,,585,989
3446,,586,8
3447,,586,148
3448,,586,344
3449,,586,437
3450,,586,553
3451,,587,247
3452,,587,516
3453,,587,973
3454,,588,14
3455,,588,63
3456,,588,778
3457,,588,808
3458,,589,24
3459,,589,326
3460,,589,327
3461,,589,331
3462,,589,463
3463,,589,855
3464,,590,48
3465,,590,224
3466,,590,356
3467,,590,601
3468,,590,736
3469,,590,753
3470,,591,25
3471,,591,127
3472,,591,538
3473,,591,606
3474,,591,618
3475,,592,151
3476,,592,222
3477,,592,375
3478,,592,570
3479,,592,631
3480,,592,676
3481,,592,832
3482,,592,859
3483,,592,861
3484,,593,107
3485,,593,521
3486,,593,540
3487,,593,629
3488,,594,109
3489,,594,154
3490,,594,568
3491,,594,849
3492,,594,874
3493,,595,163
3494,,595,242
3495,,595,442
3496,,595,780
3497,,595,789
3498,,596,148
3499,,596,395
3500,,596,538
3501,,596,838
3502,,596,874
3503,,597,38
3504,,597,73
3505,,597,247
3506,,597,318
3507,,597,402
3508,,597,442
3509,,597,575
3510,,597,628
3511,,597,815
3512,,597,837
3513,,597,874
3514,,598,85
3515,,598,106
3516,,598,167
3517,,598,607
3518,,598,815
3519,,599,197
3520,,599,482
3521,,599,688
3522,,600,69
3523,,600,395
3524,,600,473
3525,,600,510
3526,,600,692
3527,,600,820
3528,,601,444
3529,,601,482
3530,,601,721
3531,,601,811
3532,,601,844
3533,,601,871
3534,,601,889
3535,,602,418
3536,,602,448
3537,,602,571
3538,,602,903
3539,,603,153
3540,,603,168
3541,,603,344
3542,,603,553
3543,,603,898
3544,,603,917
3545,,604,7
3546,,604,471
3547,,604,559
3548,,604,949
3549,,605,135
3550,,605,516
3551,,605,764
3552,,605,835
3553,,606,595
3554,,606,623
3555,,606,682
3556,,606,974
3557,,607,61
3558,,607,117
3559,,607,147
3560,,607,188
3561,,607,629
3562,,607,648
3563,,608,209
3564,,608,377
3565,,608,669
3566,,608,931
3567,,609,183
3568,,609,444
3569,,609,480
3570,,609,666
3571,,609,800
3572,,609,809
3573,,610,69
3574,,610,219
3575,,610,255
3576,,610,293
3577,,610,682
3578,,610,692
3579,,610,820
3580,,610,894
3581,,610,963
3582,,611,5
3583,,611,224
3584,,611,490
3585,,611,557
3586,,611,807
3587,,611,976
3588,,612,187
3589,,612,241
3590,,612,546
3591,,612,831
3592,,613,425
3593,,613,553
3594,,613,657
3595,,613,879
3596,,613,973
3597,,614,120
3598,,614,336
3599,,614,428
3600,,614,664
3601,,615,11
3602,,615,72
3603,,615,266
3604,,615,277
3605,,615,585
3606,,615,682
3607,,615,778
3608,,615,879
3609,,616,152
3610,,616,173
3611,,616,360
3612,,616,429
3613,,616,647
3614,,616,676
3615,,616,863
3616,,616,903
3617,,617,85
3618,,617,263
3619,,617,537
3620,,617,550
3621,,617,664
3622,,617,696
3623,,617,959
3624,,617,963
3625,,618,112
3626,,618,116
3627,,618,360
3628,,618,536
3629,,619,42
3630,,619,212
3631,,619,677
3632,,620,430
3633,,620,827
3634,,621,85
3635,,621,117
3636,,621,504
3637,,621,592
3638,,621,644
3639,,621,652
3640,,621,721
3641,,621,806
3642,,622,325
3643,,622,444
3644,,622,909
3645,,623,62
3646,,623,339
3647,,623,404
3648,,623,431
3649,,623,442
3650,,623,575
3651,,623,784
3652,,623,803
3653,,624,11
3654,,624,81
3655,,624,486
3656,,624,527
3657,,624,742
3658,,624,926
3659,,625,17
3660,,625,158
3661,,625,459
3662,,625,684
3663,,625,973
3664,,626,50
3665,,626,108
3666,,626,212
3667,,626,319
3668,,626,388
3669,,626,439
3670,,626,484
3671,,626,495
3672,,626,699
3673,,626,874
3674,,626,902
3675,,626,903
3676,,626,933
3677,,627,86
3678,,627,318
3679,,627,485
3680,,627,704
3681,,627,707
3682,,627,884
3683,,628,140
3684,,628,148
3685,,628,293
3686,,628,436
3687,,628,543
3688,,628,925
3689,,629,140
3690,,629,159
3691,,629,179
3692,,629,198
3693,,629,283
3694,,629,289
3695,,629,521
3696,,629,571
3697,,629,652
3698,,630,141
3699,,631,51
3700,,631,63
3701,,631,89
3702,,631,306
3703,,631,316
3704,,631,337
3705,,631,523
3706,,631,546
3707,,631,579
3708,,631,733
3709,,631,903
3710,,631,924
3711,,631,948
3712,,632,188
3713,,632,453
3714,,632,529
3715,,632,531
3716,,632,554
3717,,632,894
3718,,632,959
3719,,633,47
3720,,633,169
3721,,633,191
3722,,633,217
3723,,633,334
3724,,633,409
3725,,633,487
3726,,633,507
3727,,633,930
3728,,633,954
3729,,634,179
3730,,634,519
3731,,634,607
3732,,634,925
3733,,635,266
3734,,635,569
3735,,635,670
3736,,635,807
3737,,636,140
3738,,636,159
3739,,636,179
3740,,636,198
3741,,636,283
3742,,636,289
3743,,636,521
3744,,636,571
3745,,636,652
3746,,637,540
3747,,638,3
3748,,638,433
3749,,638,493
3750,,638,595
3751,,638,647
3752,,638,729
3753,,639,160
3754,,639,219
3755,,639,222
3756,,639,248
3757,,639,377
3758,,639,884
3759,,640,124
3760,,640,255
3761,,640,530
3762,,640,558
3763,,640,719
3764,,640,837
3765,,640,855
3766,,640,931
3767,,640,981
3768,,641,66
3769,,641,140
3770,,641,221
3771,,641,523
3772,,641,553
3773,,642,35
3774,,642,198
3775,,642,996
3776,,643,221
3777,,643,487
3778,,643,709
3779,,644,3
3780,,644,87
3781,,644,551
3782,,644,631
3783,,644,752
3784,,644,756
3785,,644,767
3786,,644,925
3787,,644,950
3788,,645,38
3789,,645,252
3790,,645,364
3791,,645,884
3792,,646,21
3793,,646,83
3794,,646,255
3795,,646,803
3796,,646,981
3797,,647,72
3798,,647,172
3799,,647,191
3800,,647,827
3801,,648,154
3802,,648,381
3803,,648,425
3804,,648,649
3805,,648,724
3806,,648,875
3807,,648,963
3808,,649,204
3809,,649,339
3810,,649,418
3811,,649,800
3812,,650,83
3813,,650,104
3814,,650,311
3815,,650,360
3816,,650,425
3817,,650,656
3818,,650,937
3819,,651,91
3820,,651,437
3821,,651,543
3822,,651,553
3823,,651,561
3824,,651,647
3825,,651,675
3826,,651,682
3827,,651,800
3828,,651,851
3829,,652,378
3830,,652,404
3831,,652,456
3832,,652,916
3833,,653,137
3834,,653,319
3835,,653,480
3836,,653,539
3837,,653,553
3838,,653,973
3839,,653,981
3840,,654,14
3841,,654,67
3842,,654,183
3843,,654,216
3844,,654,399
3845,,654,444
3846,,654,480
3847,,654,628
3848,,654,666
3849,,654,800
3850,,654,803
3851,,654,809
3852,,654,813
3853,,654,921
3854,,655,221
3855,,655,258
3856,,655,416
3857,,655,544
3858,,655,569
3859,,655,803
3860,,656,116
3861,,656,150
3862,,656,171
3863,,656,405
3864,,656,523
3865,,656,662
3866,,656,724
3867,,656,782
3868,,656,806
3869,,656,808
3870,,656,876
3871,,656,901
3872,,657,11
3873,,657,36
3874,,657,300
3875,,657,674
3876,,657,802
3877,,657,901
3878,,658,98
3879,,658,205
3880,,658,221
3881,,658,275
3882,,658,536
3883,,658,553
3884,,658,800
3885,,659,87
3886,,659,109
3887,,659,221
3888,,659,248
3889,,659,519
3890,,660,8
3891,,660,463
3892,,660,675
3893,,660,806
3894,,660,907
3895,,661,39
3896,,661,51
3897,,661,398
3898,,661,416
3899,,661,432
3900,,661,795
3901,,662,474
3902,,662,820
3903,,663,116
3904,,663,123
3905,,663,612
3906,,663,729
3907,,663,738
3908,,663,773
3909,,664,599
3910,,664,827
3911,,665,26
3912,,665,607
3913,,665,627
3914,,665,733
3915,,665,794
3916,,665,903
3917,,665,915
3918,,666,188
3919,,666,374
3920,,666,400
3921,,666,460
3922,,666,565
3923,,666,627
3924,,666,644
3925,,666,677
3926,,666,956
3927,,667,0
3928,,667,142
3929,,667,360
3930,,667,545
3931,,667,623
3932,,667,631
3933,,667,653
3934,,667,756
3935,,667,877
3936,,667,938
3937,,668,490
3938,,668,584
3939,,668,855
3940,,668,860
3941,,668,907
3942,,669,36
3943,,669,47
3944,,669,214
3945,,669,221
3946,,669,233
3947,,669,375
3948,,669,868
3949,,670,144
3950,,670,216
3951,,670,279
3952,,670,374
3953,,670,516
3954,,670,699
3955,,670,878
3956,,671,130
3957,,671,215
3958,,671,963
3959,,671,994
3960,,672,397
3961,,672,553
3962,,673,87
3963,,673,137
3964,,673,480
3965,,673,879
3966,,673,988
3967,,674,36
3968,,674,409
3969,,674,555
3970,,674,904
3971,,674,914
3972,,675,444
3973,,675,522
3974,,675,764
3975,,675,807
3976,,675,959
3977,,675,973
3978,,676,38
3979,,676,325
3980,,676,395
3981,,676,439
3982,,676,902
3983,,676,924
3984,,677,28
3985,,677,59
3986,,677,284
3987,,677,316
3988,,677,357
3989,,677,403
3990,,677,546
3991,,677,636
3992,,677,673
3993,,677,729
3994,,677,925
3995,,678,11
3996,,678,154
3997,,678,351
3998,,678,432
3999,,678,672
4000,,679,71
4001,,679,205
4002,,679,274
4003,,679,404
4004,,679,482
4005,,679,688
4006,,679,800
4007,,679,908
4008,,680,102
4009,,680,243
4010,,680,449
4011,,680,456
4012,,680,543
4013,,680,656
4014,,680,660
4015,,680,903
4016,,681,104
4017,,681,238
4018,,681,395
4019,,681,755
4020,,682,152
4021,,682,274
4022,,682,545
4023,,682,884
4024,,683,14
4025,,683,325
4026,,683,401
4027,,683,707
4028,,683,764
4029,,683,907
4030,,684,300
4031,,684,342
4032,,684,623
4033,,685,396
4034,,685,612
4035,,685,772
4036,,685,871
4037,,686,81
4038,,686,170
4039,,686,622
4040,,686,707
4041,,686,946
4042,,686,959
4043,,687,338
4044,,687,445
4045,,687,674
4046,,688,38
4047,,688,43
4048,,688,430
4049,,688,673
4050,,688,843
4051,,689,471
4052,,689,530
4053,,689,546
4054,,689,603
4055,,689,992
4056,,690,231
4057,,690,277
4058,,690,368
4059,,690,895
4060,,691,36
4061,,691,73
4062,,691,155
4063,,691,322
4064,,691,359
4065,,691,670
4066,,691,707
4067,,692,361
4068,,692,723
4069,,692,780
4070,,692,842
4071,,693,860
4072,,693,990
4073,,694,38
4074,,694,190
4075,,694,405
4076,,694,432
4077,,694,650
4078,,694,831
4079,,695,63
4080,,695,360
4081,,695,501
4082,,695,545
4083,,695,653
4084,,695,721
4085,,695,886
4086,,696,715
4087,,697,112
4088,,697,160
4089,,697,170
4090,,697,516
4091,,697,536
4092,,697,542
4093,,697,615
4094,,697,627
4095,,697,667
4096,,697,753
4097,,697,801
4098,,697,908
4099,,698,11
4100,,698,61
4101,,698,209
4102,,698,299
4103,,698,359
4104,,698,364
4105,,698,552
4106,,698,566
4107,,698,624
4108,,698,628
4109,,698,798
4110,,698,800
4111,,699,46
4112,,699,146
4113,,699,353
4114,,699,466
4115,,699,533
4116,,699,707
4117,,699,845
4118,,699,871
4119,,700,140
4120,,700,163
4121,,700,259
4122,,700,278
4123,,700,293
4124,,700,371
4125,,700,432
4126,,701,12
4127,,701,61
4128,,701,117
4129,,701,147
4130,,701,188
4131,,701,472
4132,,701,501
4133,,701,629
4134,,701,648
4135,,701,744
4136,,701,868
4137,,702,233
4138,,702,287
4139,,702,377
4140,,702,415
4141,,702,559
4142,,702,798
4143,,703,209
4144,,703,647
4145,,704,55
4146,,704,170
4147,,704,545
4148,,704,667
4149,,704,884
4150,,704,949
4151,,705,111
4152,,705,259
4153,,705,752
4154,,705,925
4155,,706,87
4156,,706,101
4157,,706,274
4158,,706,486
4159,,706,806
4160,,706,871
4161,,707,169
4162,,707,471
4163,,707,601
4164,,707,607
4165,,707,913
4166,,708,456
4167,,708,558
4168,,708,786
4169,,709,14
4170,,709,219
4171,,709,416
4172,,709,441
4173,,709,471
4174,,709,540
4175,,710,38
4176,,710,73
4177,,710,287
4178,,710,402
4179,,710,442
4180,,710,502
4181,,710,628
4182,,710,837
4183,,710,891
4184,,711,123
4185,,711,148
4186,,711,150
4187,,711,381
4188,,711,414
4189,,711,439
4190,,711,934
4191,,711,950
4192,,712,521
4193,,712,717
4194,,712,815
4195,,712,873
4196,,713,198
4197,,714,24
4198,,714,43
4199,,714,274
4200,,714,371
4201,,714,419
4202,,714,717
4203,,714,901
4204,,715,0
4205,,715,7
4206,,715,314
4207,,715,409
4208,,715,575
4209,,715,592
4210,,716,330
4211,,716,604
4212,,716,776
4213,,716,784
4214,,716,806
4215,,716,908
4216,,717,257
4217,,717,273
4218,,717,336
4219,,717,622
4220,,717,827
4221,,718,61
4222,,718,410
4223,,718,488
4224,,718,557
4225,,718,855
4226,,719,231
4227,,719,277
4228,,719,368
4229,,719,709
4230,,719,895
4231,,719,998
4232,,720,38
4233,,720,173
4234,,720,601
4235,,720,867
4236,,720,981
4237,,721,350
4238,,721,648
4239,,721,664
4240,,721,799
4241,,722,127
4242,,722,147
4243,,722,418
4244,,722,527
4245,,723,178
4246,,723,374
4247,,723,628
4248,,724,11
4249,,724,42
4250,,724,314
4251,,724,318
4252,,724,405
4253,,724,460
4254,,724,592
4255,,724,631
4256,,725,416
4257,,725,999
4258,,726,5
4259,,726,40
4260,,726,293
4261,,726,521
4262,,727,147
4263,,727,586
4264,,727,778
4265,,727,855
4266,,727,885
4267,,727,938
4268,,728,20
4269,,728,27
4270,,728,184
4271,,728,399
4272,,728,729
4273,,728,813
4274,,728,868
4275,,728,912
4276,,728,981
4277,,729,124
4278,,729,412
4279,,729,478
4280,,729,511
4281,,729,628
4282,,729,925
4283,,729,953
4284,,730,145
4285,,730,150
4286,,730,444
4287,,730,547
4288,,730,682
4289,,730,855
4290,,731,1
4291,,731,47
4292,,731,90
4293,,731,222
4294,,731,402
4295,,731,534
4296,,732,11
4297,,732,23
4298,,732,231
4299,,732,487
4300,,732,501
4301,,732,553
4302,,732,612
4303,,732,669
4304,,732,720
4305,,732,955
4306,,732,988
4307,,733,364
4308,,733,387
4309,,733,559
4310,,733,618
4311,,734,155
4312,,734,162
4313,,734,322
4314,,734,339
4315,,734,722
4316,,734,821
4317,,735,183
4318,,735,306
4319,,735,368
4320,,735,399
4321,,735,459
4322,,735,579
4323,,736,35
4324,,736,219
4325,,736,248
4326,,736,377
4327,,736,884
4328,,737,17
4329,,737,92
4330,,737,119
4331,,737,322
4332,,737,371
4333,,737,592
4334,,737,622
4335,,737,764
4336,,737,782
4337,,737,885
4338,,738,127
4339,,738,289
4340,,738,625
4341,,738,758
4342,,738,916
4343,,739,234
4344,,739,387
4345,,739,507
4346,,739,509
4347,,739,668
4348,,739,912
4349,,740,395
4350,,740,443
4351,,740,587
4352,,740,807
4353,,740,873
4354,,741,147
4355,,741,188
4356,,741,280
4357,,741,307
4358,,741,416
4359,,741,656
4360,,742,38
4361,,742,71
4362,,742,189
4363,,742,371
4364,,742,374
4365,,742,405
4366,,742,668
4367,,742,951
4368,,743,5
4369,,743,21
4370,,743,125
4371,,743,204
4372,,743,279
4373,,743,432
4374,,743,490
4375,,743,767
4376,,743,925
4377,,744,29
4378,,744,40
4379,,744,106
4380,,744,274
4381,,744,346
4382,,744,709
4383,,744,910
4384,,745,439
4385,,745,597
4386,,745,628
4387,,745,744
4388,,745,772
4389,,745,798
4390,,746,83
4391,,746,106
4392,,746,248
4393,,746,325
4394,,746,543
4395,,747,146
4396,,747,300
4397,,747,371
4398,,747,520
4399,,747,807
4400,,747,989
4401,,748,47
4402,,748,476
4403,,748,544
4404,,748,673
4405,,748,740
4406,,748,807
4407,,749,57
4408,,749,339
4409,,749,420
4410,,749,500
4411,,749,559
4412,,749,613
4413,,749,624
4414,,749,707
4415,,749,859
4416,,750,14
4417,,750,20
4418,,750,47
4419,,750,255
4420,,750,346
4421,,750,455
4422,,750,482
4423,,750,487
4424,,750,555
4425,,750,666
4426,,750,795
4427,,750,803
4428,,750,934
4429,,750,983
4430,,751,40
4431,,751,51
4432,,751,146
4433,,751,412
4434,,751,446
4435,,751,490
4436,,751,520
4437,,751,670
4438,,751,773
4439,,751,902
4440,,751,964
4441,,752,137
4442,,752,283
4443,,752,289
4444,,752,713
4445,,752,752
4446,,752,824
4447,,752,950
4448,,753,123
4449,,753,289
4450,,753,500
4451,,753,565
4452,,753,851
4453,,753,934
4454,,754,138
4455,,754,154
4456,,754,209
4457,,754,233
4458,,754,293
4459,,754,314
4460,,754,338
4461,,754,472
4462,,754,539
4463,,755,747
4464,,756,238
4465,,756,320
4466,,756,324
4467,,756,509
4468,,756,524
4469,,756,902
4470,,757,14
4471,,757,73
4472,,757,213
4473,,757,266
4474,,757,372
4475,,757,481
4476,,757,592
4477,,757,783
4478,,758,125
4479,,758,205
4480,,758,259
4481,,758,272
4482,,758,674
4483,,758,722
4484,,759,169
4485,,759,266
4486,,759,382
4487,,759,487
4488,,759,902
4489,,760,209
4490,,760,336
4491,,760,395
4492,,760,592
4493,,760,990
4494,,761,36
4495,,761,49
4496,,761,487
4497,,761,546
4498,,761,558
4499,,761,590
4500,,761,592
4501,,761,647
4502,,761,870
4503,,761,909
4504,,761,988
4505,,762,125
4506,,762,127
4507,,762,131
4508,,762,145
4509,,762,208
4510,,762,530
4511,,762,722
4512,,762,744
4513,,762,910
4514,,763,167
4515,,763,283
4516,,763,289
4517,,763,518
4518,,763,707
4519,,763,926
4520,,764,553
4521,,764,722
4522,,764,780
4523,,764,782
4524,,765,217
4525,,765,490
4526,,765,709
4527,,765,941
4528,,766,49
4529,,766,592
4530,,766,664
4531,,767,139
4532,,767,160
4533,,767,311
4534,,767,460
4535,,767,522
4536,,767,871
4537,,768,169
4538,,768,807
4539,,768,879
4540,,769,216
4541,,769,260
4542,,769,420
4543,,769,426
4544,,770,319
4545,,770,484
4546,,770,495
4547,,770,699
4548,,770,874
4549,,770,933
4550,,771,132
4551,,771,322
4552,,771,432
4553,,771,877
4554,,771,913
4555,,772,3
4556,,772,104
4557,,772,284
4558,,772,753
4559,,773,26
4560,,773,93
4561,,773,100
4562,,773,121
4563,,773,145
4564,,773,603
4565,,773,669
4566,,773,670
4567,,773,751
4568,,773,794
4569,,774,219
4570,,774,369
4571,,774,648
4572,,774,776
4573,,774,799
4574,,775,261
4575,,775,300
4576,,775,472
4577,,775,509
4578,,775,538
4579,,775,586
4580,,775,622
4581,,775,828
4582,,775,907
4583,,775,953
4584,,775,959
4585,,775,994
4586,,776,43
4587,,776,63
4588,,776,335
4589,,776,619
4590,,776,666
4591,,776,949
4592,,777,119
4593,,777,351
4594,,777,367
4595,,777,377
4596,,777,405
4597,,777,571
4598,,777,592
4599,,778,50
4600,,778,536
4601,,778,547
4602,,778,707
4603,,779,69
4604,,779,545
4605,,779,710
4606,,779,858
4607,,780,253
4608,,780,319
4609,,780,439
4610,,780,722
4611,,781,139
4612,,781,490
4613,,781,800
4614,,781,904
4615,,781,924
4616,,782,9
4617,,782,53
4618,,782,446
4619,,782,488
4620,,782,623
4621,,783,61
4622,,783,214
4623,,783,420
4624,,783,486
4625,,783,903
4626,,784,127
4627,,784,733
4628,,784,772
4629,,784,784
4630,,784,790
4631,,784,912
4632,,785,33
4633,,785,117
4634,,785,504
4635,,785,570
4636,,785,616
4637,,785,644
4638,,785,652
4639,,785,658
4640,,785,721
4641,,785,852
4642,,785,909
4643,,786,63
4644,,786,242
4645,,786,266
4646,,786,471
4647,,786,837
4648,,786,884
4649,,786,904
4650,,786,952
4651,,786,992
4652,,787,14
4653,,787,324
4654,,787,539
4655,,787,570
4656,,787,571
4657,,787,845
4658,,788,81
4659,,788,246
4660,,788,629
4661,,788,964
4662,,789,48
4663,,789,246
4664,,789,369
4665,,789,594
4666,,789,710
4667,,790,14
4668,,790,81
4669,,790,806
4670,,791,261
4671,,791,571
4672,,791,586
4673,,791,613
4674,,791,828
4675,,791,959
4676,,792,3
4677,,792,86
4678,,792,423
4679,,792,446
4680,,792,806
4681,,793,3
4682,,793,147
4683,,793,188
4684,,793,260
4685,,793,280
4686,,793,307
4687,,793,416
4688,,793,577
4689,,793,619
4690,,793,656
4691,,794,222
4692,,794,634
4693,,794,667
4694,,794,942
4695,,795,348
4696,,795,705
4697,,795,724
4698,,795,929
4699,,796,571
4700,,796,690
4701,,796,974
4702,,797,418
4703,,797,673
4704,,797,912
4705,,798,17
4706,,798,89
4707,,798,193
4708,,798,300
4709,,798,318
4710,,798,399
4711,,798,616
4712,,798,913
4713,,798,951
4714,,799,709
4715,,799,753
4716,,799,805
4717,,799,871
4718,,800,219
4719,,800,375
4720,,800,518
4721,,801,11
4722,,801,15
4723,,801,38
4724,,801,81
4725,,801,146
4726,,801,319
4727,,801,416
4728,,801,639
4729,,801,676
4730,,801,734
4731,,801,769
4732,,801,827
4733,,801,981
4734,,802,83
4735,,802,221
4736,,802,363
4737,,802,576
4738,,802,624
4739,,802,709
4740,,803,188
4741,,803,257
4742,,803,289
4743,,803,402
4744,,803,411
4745,,803,592
4746,,803,729
4747,,804,7
4748,,804,14
4749,,804,39
4750,,804,143
4751,,804,221
4752,,804,246
4753,,804,364
4754,,804,405
4755,,804,563
4756,,804,709
4757,,804,748
4758,,804,852
4759,,804,893
4760,,805,138
4761,,805,387
4762,,805,447
4763,,805,599
4764,,806,300
4765,,806,753
4766,,806,800
4767,,806,999
4768,,807,202
4769,,807,395
4770,,807,781
4771,,807,909
4772,,807,959
4773,,808,284
4774,,808,293
4775,,808,631
4776,,808,990
4777,,809,182
4778,,809,388
4779,,809,577
4780,,809,595
4781,,809,709
4782,,809,811
4783,,809,894
4784,,810,88
4785,,810,222
4786,,810,342
4787,,810,374
4788,,810,396
4789,,810,405
4790,,810,435
4791,,810,490
4792,,810,721
4793,,810,907
4794,,810,917
4795,,811,222
4796,,811,375
4797,,811,631
4798,,811,832
4799,,812,186
4800,,812,188
4801,,812,216
4802,,812,486
4803,,812,571
4804,,812,723
4805,,813,29
4806,,813,87
4807,,813,155
4808,,813,300
4809,,814,143
4810,,814,418
4811,,814,544
4812,,814,586
4813,,814,636
4814,,814,778
4815,,814,868
4816,,814,998
4817,,815,432
4818,,815,613
4819,,815,631
4820,,815,915
4821,,816,21
4822,,816,63
4823,,816,173
4824,,816,330
4825,,816,501
4826,,816,575
4827,,816,578
4828,,816,592
4829,,816,647
4830,,816,716
4831,,816,809
4832,,816,828
4833,,817,699
4834,,817,806
4835,,817,983
4836,,818,132
4837,,818,155
4838,,818,208
4839,,818,318
4840,,818,321
4841,,818,473
4842,,818,521
4843,,818,545
4844,,818,561
4845,,818,859
4846,,819,154
4847,,819,425
4848,,819,877
4849,,819,879
4850,,820,78
4851,,820,127
4852,,820,233
4853,,820,255
4854,,820,425
4855,,820,437
4856,,820,778
4857,,820,815
4858,,821,71
4859,,821,87
4860,,821,159
4861,,821,217
4862,,821,430
4863,,821,915
4864,,822,48
4865,,822,217
4866,,822,521
4867,,822,554
4868,,822,993
4869,,823,293
4870,,823,473
4871,,823,478
4872,,823,584
4873,,823,595
4874,,823,907
4875,,824,594
4876,,824,617
4877,,824,889
4878,,825,63
4879,,825,140
4880,,825,412
4881,,825,722
4882,,825,757
4883,,825,885
4884,,826,102
4885,,826,140
4886,,826,318
4887,,826,377
4888,,826,385
4889,,826,827
4890,,826,874
4891,,827,63
4892,,827,159
4893,,827,257
4894,,827,293
4895,,827,444
4896,,827,753
4897,,828,219
4898,,828,220
4899,,828,486
4900,,828,817
4901,,828,944
4902,,829,89
4903,,829,571
4904,,829,673
4905,,829,938
4906,,829,996
4907,,830,89
4908,,830,129
4909,,830,592
4910,,830,729
4911,,830,776
4912,,830,858
4913,,830,874
4914,,830,893
4915,,830,963
4916,,831,130
4917,,831,234
4918,,831,360
4919,,831,536
4920,,831,623
4921,,831,828
4922,,832,173
4923,,832,806
4924,,832,827
4925,,833,26
4926,,833,318
4927,,833,377
4928,,833,403
4929,,833,456
4930,,833,540
4931,,833,553
4932,,833,679
4933,,833,910
4934,,834,38
4935,,834,85
4936,,834,605
4937,,834,662
4938,,834,870
4939,,835,29
4940,,835,127
4941,,835,328
4942,,835,442
4943,,835,474
4944,,835,795
4945,,835,871
4946,,835,974
4947,,836,912
4948,,836,966
4949,,836,993
